SDG_goal,SDG_goal_label,Year,Countries_in_goal_year,Goal_year_document_count,HHI_count,Phase,HHI_impact
1,SDG 1: No Poverty,1972,0,0,,Phase 3,
1,SDG 1: No Poverty,1973,0,0,,Phase 3,
1,SDG 1: No Poverty,1974,1,1,1.0,Phase 3,
1,SDG 1: No Poverty,1975,0,0,,Phase 3,
1,SDG 1: No Poverty,1976,0,0,,Phase 3,
1,SDG 1: No Poverty,1977,1,3,1.0,Phase 3,
1,SDG 1: No Poverty,1978,4,7,0.3877551020408163,Phase 3,0.8968595041322314
1,SDG 1: No Poverty,1979,2,5,0.6800000000000002,Phase 3,
1,SDG 1: No Poverty,1980,3,4,0.375,Phase 3,
1,SDG 1: No Poverty,1981,3,7,0.4285714285714285,Phase 3,1.0
1,SDG 1: No Poverty,1982,1,1,1.0,Phase 3,
1,SDG 1: No Poverty,1983,4,10,0.5199999999999999,Phase 3,1.0
1,SDG 1: No Poverty,1984,5,9,0.2839506172839506,Phase 3,0.5
1,SDG 1: No Poverty,1985,3,5,0.3600000000000001,Phase 3,1.0
1,SDG 1: No Poverty,1986,4,5,0.28,Phase 3,1.0
1,SDG 1: No Poverty,1987,3,5,0.4400000000000001,Phase 3,
1,SDG 1: No Poverty,1988,3,10,0.3600000000000001,Phase 3,0.5555555555555556
1,SDG 1: No Poverty,1989,2,5,0.52,Phase 3,1.0
1,SDG 1: No Poverty,1990,5,23,0.5198487712665406,Phase 3,1.0
1,SDG 1: No Poverty,1991,7,14,0.2551020408163265,Phase 3,0.5248611111111111
1,SDG 1: No Poverty,1992,6,24,0.4722222222222222,Phase 3,0.9572396906446892
1,SDG 1: No Poverty,1993,6,34,0.5605536332179931,Phase 3,0.9269602577873254
1,SDG 1: No Poverty,1994,1,39,1.0,Phase 4,1.0
1,SDG 1: No Poverty,1995,4,50,0.6536000000000002,Phase 4,0.8279182419659735
1,SDG 1: No Poverty,1996,7,71,0.3679825431462012,Phase 4,0.4232281188576714
1,SDG 1: No Poverty,1997,4,67,0.3758075295165961,Phase 4,0.4458478903520559
1,SDG 1: No Poverty,1998,7,112,0.7259247448979591,Phase 4,0.6706085049729815
1,SDG 1: No Poverty,1999,8,176,0.6877582644628099,Phase 4,0.4525970727218702
1,SDG 1: No Poverty,2000,10,162,0.5948788294467309,Phase 4,0.4579577376780174
1,SDG 1: No Poverty,2001,21,185,0.4033016800584368,Phase 4,0.6231136462272925
1,SDG 1: No Poverty,2002,23,213,0.4018382596045759,Phase 4,0.5617672116515885
1,SDG 1: No Poverty,2003,22,246,0.4113622843545509,Phase 4,0.5557676280571919
1,SDG 1: No Poverty,2004,24,318,0.4176654404493492,Phase 4,0.598106740214522
1,SDG 1: No Poverty,2005,27,338,0.4308672665522917,Phase 4,0.5005187158868848
1,SDG 1: No Poverty,2006,30,370,0.3507231555880204,Phase 4,0.3971851562500001
1,SDG 1: No Poverty,2007,28,379,0.2769056188692643,Phase 4,0.6171075650297673
1,SDG 1: No Poverty,2008,31,382,0.302527343000466,Phase 4,0.6580367966531152
1,SDG 1: No Poverty,2009,34,467,0.2780195241392275,Phase 4,0.6155973513915016
1,SDG 1: No Poverty,2010,41,531,0.2551310287592965,Phase 4,0.4674689776783524
1,SDG 1: No Poverty,2011,45,564,0.2799720838992003,Phase 4,0.6512034858304527
1,SDG 1: No Poverty,2012,52,840,0.3788633786848073,Phase 4,0.8699056883773922
1,SDG 1: No Poverty,2013,46,939,0.377780499727238,Phase 4,0.6549997877111791
1,SDG 1: No Poverty,2014,51,839,0.239380555488471,Phase 4,0.772058330613294
1,SDG 1: No Poverty,2015,47,846,0.23297788508291,Phase 4,0.6916358207376351
1,SDG 1: No Poverty,2016,53,895,0.237761617927031,Phase 4,0.4311993801676825
1,SDG 1: No Poverty,2017,64,952,0.2136589930089683,Phase 4,0.4480975289705932
1,SDG 1: No Poverty,2018,63,956,0.1912694105495352,Phase 4,0.5982397359404364
1,SDG 1: No Poverty,2019,61,1004,0.211123632958207,Phase 4,0.5023229003993882
1,SDG 1: No Poverty,2020,59,1094,0.2285843674488401,Phase 4,0.4570763653669977
1,SDG 1: No Poverty,2021,62,1105,0.2067418767019513,Phase 4,0.2691275640809542
1,SDG 1: No Poverty,2022,62,1082,0.2299260970134719,Phase 4,0.4755266475371174
1,SDG 1: No Poverty,2023,53,964,0.1864314491830375,Phase 4,0.3314391164346343
1,SDG 1: No Poverty,2024,49,885,0.1938076542500559,Phase 4,0.3982371743665138
2,SDG 2: Zero Hunger,1972,1,9,1.0,Phase 3,
2,SDG 2: Zero Hunger,1973,1,1,1.0,Phase 3,1.0
2,SDG 2: Zero Hunger,1974,2,28,0.931122448979592,Phase 3,
2,SDG 2: Zero Hunger,1975,1,9,1.0,Phase 3,
2,SDG 2: Zero Hunger,1976,1,1,1.0,Phase 3,
2,SDG 2: Zero Hunger,1977,1,17,1.0,Phase 3,
2,SDG 2: Zero Hunger,1978,3,5,0.4400000000000001,Phase 3,1.0
2,SDG 2: Zero Hunger,1979,2,3,0.5555555555555556,Phase 3,
2,SDG 2: Zero Hunger,1980,1,1,1.0,Phase 3,1.0
2,SDG 2: Zero Hunger,1981,2,14,0.8673469387755102,Phase 3,1.0
2,SDG 2: Zero Hunger,1982,2,3,0.5555555555555556,Phase 3,0.6800000000000002
2,SDG 2: Zero Hunger,1983,1,3,1.0,Phase 3,
2,SDG 2: Zero Hunger,1984,2,30,0.9355555555555555,Phase 3,1.0
2,SDG 2: Zero Hunger,1985,1,8,1.0,Phase 3,1.0
2,SDG 2: Zero Hunger,1986,3,16,0.6796875,Phase 3,0.8347107438016528
2,SDG 2: Zero Hunger,1987,1,4,1.0,Phase 3,1.0
2,SDG 2: Zero Hunger,1988,3,5,0.4400000000000001,Phase 3,1.0
2,SDG 2: Zero Hunger,1989,1,3,1.0,Phase 3,
2,SDG 2: Zero Hunger,1990,1,7,1.0,Phase 3,1.0
2,SDG 2: Zero Hunger,1991,2,8,0.78125,Phase 3,1.0
2,SDG 2: Zero Hunger,1992,2,13,0.8579881656804735,Phase 3,1.0
2,SDG 2: Zero Hunger,1993,4,15,0.5644444444444444,Phase 3,0.654320987654321
2,SDG 2: Zero Hunger,1994,4,7,0.3061224489795918,Phase 4,1.0
2,SDG 2: Zero Hunger,1995,4,9,0.3827160493827161,Phase 4,0.8200000000000001
2,SDG 2: Zero Hunger,1996,3,46,0.7655954631379962,Phase 4,0.7869605142332414
2,SDG 2: Zero Hunger,1997,5,32,0.404296875,Phase 4,0.4039383736353434
2,SDG 2: Zero Hunger,1998,5,47,0.549117247623359,Phase 4,0.5120987654320988
2,SDG 2: Zero Hunger,1999,8,41,0.5169541939321831,Phase 4,0.4116143170197224
2,SDG 2: Zero Hunger,2000,4,29,0.4839476813317479,Phase 4,0.5933516508265394
2,SDG 2: Zero Hunger,2001,7,76,0.4210526315789473,Phase 4,0.4643895747599451
2,SDG 2: Zero Hunger,2002,8,88,0.3966942148760331,Phase 4,0.4991802469135803
2,SDG 2: Zero Hunger,2003,11,117,0.3494046314559136,Phase 4,0.4500805517252233
2,SDG 2: Zero Hunger,2004,10,142,0.3661971830985915,Phase 4,0.3145378129323622
2,SDG 2: Zero Hunger,2005,15,111,0.4596217839461083,Phase 4,0.3886898302655555
2,SDG 2: Zero Hunger,2006,13,124,0.4063475546305931,Phase 4,0.559088401799971
2,SDG 2: Zero Hunger,2007,17,203,0.2889902691159698,Phase 4,0.9386018552059021
2,SDG 2: Zero Hunger,2008,19,197,0.3486562395320673,Phase 4,0.570865538693562
2,SDG 2: Zero Hunger,2009,21,222,0.3356058761464165,Phase 4,0.5727132036276072
2,SDG 2: Zero Hunger,2010,25,214,0.2563105948117739,Phase 4,0.4137681706151602
2,SDG 2: Zero Hunger,2011,27,255,0.260715109573241,Phase 4,0.3829865423781266
2,SDG 2: Zero Hunger,2012,30,360,0.3445061728395061,Phase 4,0.7760292319375006
2,SDG 2: Zero Hunger,2013,37,372,0.2508093421204764,Phase 4,0.483837976436662
2,SDG 2: Zero Hunger,2014,30,368,0.2434132797731569,Phase 4,0.775796854356637
2,SDG 2: Zero Hunger,2015,34,450,0.2255802469135803,Phase 4,0.5427654411089222
2,SDG 2: Zero Hunger,2016,36,438,0.232762035820771,Phase 4,0.4696029089778296
2,SDG 2: Zero Hunger,2017,37,449,0.2520374402904747,Phase 4,0.4291181676592808
2,SDG 2: Zero Hunger,2018,41,519,0.1920730915017393,Phase 4,0.3935516559565002
2,SDG 2: Zero Hunger,2019,41,563,0.2229776413466301,Phase 4,0.6679780416964664
2,SDG 2: Zero Hunger,2020,43,577,0.2334521774912969,Phase 4,0.5132231821627881
2,SDG 2: Zero Hunger,2021,47,576,0.2496744791666667,Phase 4,0.5408847677021
2,SDG 2: Zero Hunger,2022,47,538,0.2648318845787095,Phase 4,0.3546370862084026
2,SDG 2: Zero Hunger,2023,41,492,0.2658718355476238,Phase 4,0.2403581864454708
2,SDG 2: Zero Hunger,2024,35,736,0.2876078095463138,Phase 4,0.2931660893049836
3,SDG 3: Good Health and Well-being,1972,2,11,0.8347107438016528,Phase 3,1.0
3,SDG 3: Good Health and Well-being,1973,0,0,,Phase 3,
3,SDG 3: Good Health and Well-being,1974,1,1,1.0,Phase 3,
3,SDG 3: Good Health and Well-being,1975,1,12,1.0,Phase 3,
3,SDG 3: Good Health and Well-being,1976,1,11,1.0,Phase 3,
3,SDG 3: Good Health and Well-being,1977,2,12,0.8472222222222221,Phase 3,0.8892733564013842
3,SDG 3: Good Health and Well-being,1978,1,1,1.0,Phase 3,
3,SDG 3: Good Health and Well-being,1979,2,3,0.5555555555555556,Phase 3,0.5
3,SDG 3: Good Health and Well-being,1980,3,4,0.375,Phase 3,
3,SDG 3: Good Health and Well-being,1981,2,4,0.625,Phase 3,
3,SDG 3: Good Health and Well-being,1982,3,17,0.6955017301038062,Phase 3,1.0
3,SDG 3: Good Health and Well-being,1983,2,4,0.625,Phase 3,
3,SDG 3: Good Health and Well-being,1984,2,26,0.9260355029585798,Phase 3,1.0
3,SDG 3: Good Health and Well-being,1985,2,3,0.5555555555555556,Phase 3,
3,SDG 3: Good Health and Well-being,1986,3,33,0.7814508723599632,Phase 3,1.0
3,SDG 3: Good Health and Well-being,1987,4,30,0.7066666666666667,Phase 3,1.0
3,SDG 3: Good Health and Well-being,1988,4,5,0.28,Phase 3,0.8579881656804735
3,SDG 3: Good Health and Well-being,1989,3,6,0.3888888888888889,Phase 3,0.9545700378583017
3,SDG 3: Good Health and Well-being,1990,2,5,0.52,Phase 3,
3,SDG 3: Good Health and Well-being,1991,3,24,0.607638888888889,Phase 3,
3,SDG 3: Good Health and Well-being,1992,5,22,0.6115702479338844,Phase 3,0.5555555555555556
3,SDG 3: Good Health and Well-being,1993,4,18,0.4814814814814815,Phase 3,0.8951266728389865
3,SDG 3: Good Health and Well-being,1994,5,46,0.3421550094517958,Phase 4,0.8828125
3,SDG 3: Good Health and Well-being,1995,3,42,0.6541950113378684,Phase 4,0.5994653597683225
3,SDG 3: Good Health and Well-being,1996,5,49,0.4427321949187839,Phase 4,0.8989202329131097
3,SDG 3: Good Health and Well-being,1997,4,15,0.3866666666666667,Phase 4,0.6800000000000002
3,SDG 3: Good Health and Well-being,1998,8,97,0.3886704219364439,Phase 4,0.8152343271301272
3,SDG 3: Good Health and Well-being,1999,11,109,0.4505513003955895,Phase 4,0.5706101455487205
3,SDG 3: Good Health and Well-being,2000,10,137,0.2743353401886089,Phase 4,0.4609857218184262
3,SDG 3: Good Health and Well-being,2001,12,189,0.3002435542118082,Phase 4,0.7408009373782096
3,SDG 3: Good Health and Well-being,2002,15,228,0.301477377654663,Phase 4,0.6955288680368334
3,SDG 3: Good Health and Well-being,2003,20,334,0.3179569005701172,Phase 4,0.4176047446913471
3,SDG 3: Good Health and Well-being,2004,21,327,0.2688793498489652,Phase 4,0.6651824970288932
3,SDG 3: Good Health and Well-being,2005,21,296,0.3249863038714391,Phase 4,0.5220212836274705
3,SDG 3: Good Health and Well-being,2006,21,323,0.2311246153993617,Phase 4,0.8644781422032394
3,SDG 3: Good Health and Well-being,2007,24,428,0.2136212769674207,Phase 4,0.7809587760003859
3,SDG 3: Good Health and Well-being,2008,35,462,0.199546485260771,Phase 4,0.6560477532557757
3,SDG 3: Good Health and Well-being,2009,35,505,0.2149946083717283,Phase 4,0.4271079135460483
3,SDG 3: Good Health and Well-being,2010,45,560,0.2127869897959184,Phase 4,0.3342280824813886
3,SDG 3: Good Health and Well-being,2011,38,616,0.1899508770450329,Phase 4,0.4707672698062036
3,SDG 3: Good Health and Well-being,2012,38,955,0.2385647323264165,Phase 4,0.6564309100662109
3,SDG 3: Good Health and Well-being,2013,48,988,0.2078545788326312,Phase 4,0.523550453952831
3,SDG 3: Good Health and Well-being,2014,47,1189,0.2495945098078051,Phase 4,0.3859214632972222
3,SDG 3: Good Health and Well-being,2015,53,1191,0.2192281743639851,Phase 4,0.5400365801052165
3,SDG 3: Good Health and Well-being,2016,54,1307,0.2104101919567932,Phase 4,0.4061618284418563
3,SDG 3: Good Health and Well-being,2017,54,1250,0.21127552,Phase 4,0.3069214947472323
3,SDG 3: Good Health and Well-being,2018,61,1272,0.1928684090819192,Phase 4,0.3556906957726725
3,SDG 3: Good Health and Well-being,2019,56,1525,0.2023030368180597,Phase 4,0.507926030758553
3,SDG 3: Good Health and Well-being,2020,63,1856,0.1933204750668847,Phase 4,0.3237706552694111
3,SDG 3: Good Health and Well-being,2021,69,2075,0.1833710553055596,Phase 4,0.3437188122561667
3,SDG 3: Good Health and Well-being,2022,72,1763,0.1856279372196299,Phase 4,0.3407438709428776
3,SDG 3: Good Health and Well-being,2023,66,1637,0.19030558230952,Phase 4,0.3585127091502758
3,SDG 3: Good Health and Well-being,2024,51,1199,0.1787846558259211,Phase 4,0.3535106648463763
4,SDG 4: Quality Education,1972,3,38,0.8988919667590027,Phase 3,1.0
4,SDG 4: Quality Education,1973,2,38,0.8545706371191135,Phase 3,
4,SDG 4: Quality Education,1974,2,74,0.973338203067933,Phase 3,
4,SDG 4: Quality Education,1975,1,46,1.0,Phase 3,
4,SDG 4: Quality Education,1976,2,69,0.9714345725687881,Phase 3,1.0
4,SDG 4: Quality Education,1977,1,53,1.0,Phase 3,1.0
4,SDG 4: Quality Education,1978,2,41,0.9524092801903628,Phase 3,
4,SDG 4: Quality Education,1979,1,50,1.0,Phase 3,1.0
4,SDG 4: Quality Education,1980,2,53,0.9629761480954075,Phase 3,1.0
4,SDG 4: Quality Education,1981,3,62,0.9370447450572321,Phase 3,1.0
4,SDG 4: Quality Education,1982,1,67,1.0,Phase 3,
4,SDG 4: Quality Education,1983,2,92,0.9784971644612475,Phase 3,1.0
4,SDG 4: Quality Education,1984,2,119,0.9669514864769435,Phase 3,1.0
4,SDG 4: Quality Education,1985,1,97,1.0,Phase 3,1.0
4,SDG 4: Quality Education,1986,2,110,0.9819834710743802,Phase 3,1.0
4,SDG 4: Quality Education,1987,1,73,1.0,Phase 3,1.0
4,SDG 4: Quality Education,1988,3,55,0.9292561983471075,Phase 3,1.0
4,SDG 4: Quality Education,1989,2,71,0.9722277325927395,Phase 3,1.0
4,SDG 4: Quality Education,1990,2,97,0.9795940057391859,Phase 3,1.0
4,SDG 4: Quality Education,1991,3,91,0.9357565511411665,Phase 3,1.0
4,SDG 4: Quality Education,1992,2,139,0.957766161171782,Phase 3,1.0
4,SDG 4: Quality Education,1993,3,40,0.85875,Phase 3,0.4400000000000001
4,SDG 4: Quality Education,1994,3,102,0.5307574009996154,Phase 4,0.5765595463137996
4,SDG 4: Quality Education,1995,4,149,0.9094635376784829,Phase 4,0.9269347860919726
4,SDG 4: Quality Education,1996,5,93,0.8376690946930281,Phase 4,1.0
4,SDG 4: Quality Education,1997,5,74,0.7772096420745069,Phase 4,0.6414667270258034
4,SDG 4: Quality Education,1998,7,197,0.5280476178206086,Phase 4,0.5892139152730028
4,SDG 4: Quality Education,1999,6,163,0.7964545146599421,Phase 4,0.9604702408250468
4,SDG 4: Quality Education,2000,8,108,0.6030521262002743,Phase 4,0.9699563243305525
4,SDG 4: Quality Education,2001,11,187,0.6158311647459178,Phase 4,0.8841457398932983
4,SDG 4: Quality Education,2002,12,165,0.3546372819100091,Phase 4,0.79010966141039
4,SDG 4: Quality Education,2003,14,179,0.3463375050716269,Phase 4,0.599319764135608
4,SDG 4: Quality Education,2004,14,188,0.3504413761883206,Phase 4,0.7353891548390228
4,SDG 4: Quality Education,2005,16,286,0.4429800968262507,Phase 4,0.7401580784387315
4,SDG 4: Quality Education,2006,17,229,0.2791136706012471,Phase 4,0.5193022427910288
4,SDG 4: Quality Education,2007,26,273,0.2130043338834548,Phase 4,0.4137666150535905
4,SDG 4: Quality Education,2008,24,322,0.303962038501601,Phase 4,0.5062189552956258
4,SDG 4: Quality Education,2009,23,304,0.2382487880886426,Phase 4,0.5144091237968264
4,SDG 4: Quality Education,2010,28,383,0.1941727055198413,Phase 4,0.7491188551173652
4,SDG 4: Quality Education,2011,34,494,0.1914307725089741,Phase 4,0.6625412893920434
4,SDG 4: Quality Education,2012,35,495,0.2329762269156208,Phase 4,0.8080860382589921
4,SDG 4: Quality Education,2013,37,534,0.2049685084655416,Phase 4,0.675875774302424
4,SDG 4: Quality Education,2014,43,553,0.2119133184438653,Phase 4,0.5512223185917078
4,SDG 4: Quality Education,2015,32,610,0.1898360655737705,Phase 4,0.3877792143647533
4,SDG 4: Quality Education,2016,44,605,0.1721822279898914,Phase 4,0.5488562308221914
4,SDG 4: Quality Education,2017,42,711,0.1952460926450138,Phase 4,0.5483800451810499
4,SDG 4: Quality Education,2018,54,727,0.1707020806805302,Phase 4,0.5675825492794913
4,SDG 4: Quality Education,2019,49,740,0.1863367421475529,Phase 4,0.5604277294198664
4,SDG 4: Quality Education,2020,47,728,0.1796318379422775,Phase 4,0.4414047985801225
4,SDG 4: Quality Education,2021,47,738,0.161694611526061,Phase 4,0.4536648295629424
4,SDG 4: Quality Education,2022,44,707,0.1889070499290786,Phase 4,0.2291574246591548
4,SDG 4: Quality Education,2023,48,594,0.1483692140257797,Phase 4,0.3253285693766159
4,SDG 4: Quality Education,2024,41,566,0.1612206420357352,Phase 4,0.2647660425811461
5,SDG 5: Gender Equality,1972,0,0,,Phase 3,
5,SDG 5: Gender Equality,1973,0,0,,Phase 3,
5,SDG 5: Gender Equality,1974,0,0,,Phase 3,
5,SDG 5: Gender Equality,1975,1,18,1.0,Phase 3,
5,SDG 5: Gender Equality,1976,0,0,,Phase 3,
5,SDG 5: Gender Equality,1977,0,0,,Phase 3,
5,SDG 5: Gender Equality,1978,1,1,1.0,Phase 3,
5,SDG 5: Gender Equality,1979,1,2,1.0,Phase 3,
5,SDG 5: Gender Equality,1980,1,12,1.0,Phase 3,
5,SDG 5: Gender Equality,1981,1,1,1.0,Phase 3,
5,SDG 5: Gender Equality,1982,1,2,1.0,Phase 3,
5,SDG 5: Gender Equality,1983,2,2,0.5,Phase 3,
5,SDG 5: Gender Equality,1984,2,6,0.5555555555555556,Phase 3,0.5371900826446281
5,SDG 5: Gender Equality,1985,2,14,0.8673469387755102,Phase 3,1.0
5,SDG 5: Gender Equality,1986,2,3,0.5555555555555556,Phase 3,1.0
5,SDG 5: Gender Equality,1987,1,1,1.0,Phase 3,1.0
5,SDG 5: Gender Equality,1988,1,7,1.0,Phase 3,
5,SDG 5: Gender Equality,1989,2,4,0.625,Phase 3,
5,SDG 5: Gender Equality,1990,3,8,0.375,Phase 3,0.8950617283950617
5,SDG 5: Gender Equality,1991,2,20,0.9049999999999999,Phase 3,1.0
5,SDG 5: Gender Equality,1992,2,17,0.8892733564013842,Phase 3,1.0
5,SDG 5: Gender Equality,1993,2,19,0.8116343490304709,Phase 3,1.0
5,SDG 5: Gender Equality,1994,6,28,0.576530612244898,Phase 4,0.3727810650887574
5,SDG 5: Gender Equality,1995,4,71,0.7925014878000398,Phase 4,0.5558429800168144
5,SDG 5: Gender Equality,1996,5,36,0.6188271604938271,Phase 4,0.3235294117647058
5,SDG 5: Gender Equality,1997,7,29,0.4649227110582639,Phase 4,0.8374291115311908
5,SDG 5: Gender Equality,1998,5,38,0.5983379501385042,Phase 4,0.3438641344046749
5,SDG 5: Gender Equality,1999,5,60,0.6311111111111111,Phase 4,0.4412602349590602
5,SDG 5: Gender Equality,2000,6,68,0.6219723183391003,Phase 4,0.6104155124653741
5,SDG 5: Gender Equality,2001,8,80,0.4178125000000001,Phase 4,0.5487408949011446
5,SDG 5: Gender Equality,2002,12,76,0.3857340720221606,Phase 4,0.8586274156272026
5,SDG 5: Gender Equality,2003,14,96,0.4246961805555554,Phase 4,0.4594343609044722
5,SDG 5: Gender Equality,2004,15,112,0.4186862244897958,Phase 4,0.3261625708884688
5,SDG 5: Gender Equality,2005,14,119,0.5568109596779891,Phase 4,0.6221924957061701
5,SDG 5: Gender Equality,2006,13,124,0.3883975026014568,Phase 4,0.5833425136419386
5,SDG 5: Gender Equality,2007,20,158,0.3003525076109598,Phase 4,0.6261584761123081
5,SDG 5: Gender Equality,2008,15,134,0.3541991534862998,Phase 4,0.6289303506596678
5,SDG 5: Gender Equality,2009,20,165,0.3735904499540863,Phase 4,0.5696124503925698
5,SDG 5: Gender Equality,2010,26,217,0.2670050330225743,Phase 4,0.4142568819023204
5,SDG 5: Gender Equality,2011,25,224,0.3505261479591836,Phase 4,0.5307940312518634
5,SDG 5: Gender Equality,2012,24,250,0.338016,Phase 4,0.9133631543698885
5,SDG 5: Gender Equality,2013,32,293,0.2940395345315612,Phase 4,0.6128827510076935
5,SDG 5: Gender Equality,2014,32,356,0.269489332155031,Phase 4,0.5860518670330167
5,SDG 5: Gender Equality,2015,35,378,0.2253856275020296,Phase 4,0.5568990930441939
5,SDG 5: Gender Equality,2016,32,385,0.2245302749198854,Phase 4,0.3993448228688018
5,SDG 5: Gender Equality,2017,34,426,0.251283916330534,Phase 4,0.3993911623600707
5,SDG 5: Gender Equality,2018,38,417,0.2054471530689118,Phase 4,0.5197370756624011
5,SDG 5: Gender Equality,2019,44,524,0.2050215605151215,Phase 4,0.4257497263239629
5,SDG 5: Gender Equality,2020,42,488,0.1767418032786885,Phase 4,0.3048966395637039
5,SDG 5: Gender Equality,2021,41,514,0.2141364744356463,Phase 4,0.370178901030636
5,SDG 5: Gender Equality,2022,40,485,0.1988776703156553,Phase 4,0.3665617043422123
5,SDG 5: Gender Equality,2023,39,480,0.2227690972222221,Phase 4,0.5862281293123801
5,SDG 5: Gender Equality,2024,31,467,0.2131377556868984,Phase 4,0.4395748374900122
6,SDG 6: Clean Water and Sanitation,1972,2,2,0.5,Phase 3,
6,SDG 6: Clean Water and Sanitation,1973,0,0,,Phase 3,
6,SDG 6: Clean Water and Sanitation,1974,1,1,1.0,Phase 3,
6,SDG 6: Clean Water and Sanitation,1975,0,0,,Phase 3,
6,SDG 6: Clean Water and Sanitation,1976,0,0,,Phase 3,
6,SDG 6: Clean Water and Sanitation,1977,0,0,,Phase 3,
6,SDG 6: Clean Water and Sanitation,1978,1,10,1.0,Phase 3,
6,SDG 6: Clean Water and Sanitation,1979,0,0,,Phase 3,
6,SDG 6: Clean Water and Sanitation,1980,2,3,0.5555555555555556,Phase 3,
6,SDG 6: Clean Water and Sanitation,1981,2,3,0.5555555555555556,Phase 3,
6,SDG 6: Clean Water and Sanitation,1982,1,1,1.0,Phase 3,
6,SDG 6: Clean Water and Sanitation,1983,1,9,1.0,Phase 3,
6,SDG 6: Clean Water and Sanitation,1984,1,1,1.0,Phase 3,
6,SDG 6: Clean Water and Sanitation,1985,2,2,0.5,Phase 3,
6,SDG 6: Clean Water and Sanitation,1986,1,1,1.0,Phase 3,
6,SDG 6: Clean Water and Sanitation,1987,1,1,1.0,Phase 3,
6,SDG 6: Clean Water and Sanitation,1988,0,0,,Phase 3,
6,SDG 6: Clean Water and Sanitation,1989,1,1,1.0,Phase 3,
6,SDG 6: Clean Water and Sanitation,1990,3,3,0.3333333333333333,Phase 3,
6,SDG 6: Clean Water and Sanitation,1991,1,1,1.0,Phase 3,
6,SDG 6: Clean Water and Sanitation,1992,2,3,0.5555555555555556,Phase 3,1.0
6,SDG 6: Clean Water and Sanitation,1993,0,0,,Phase 3,
6,SDG 6: Clean Water and Sanitation,1994,2,2,0.5,Phase 4,1.0
6,SDG 6: Clean Water and Sanitation,1995,1,3,1.0,Phase 4,1.0
6,SDG 6: Clean Water and Sanitation,1996,2,4,0.5,Phase 4,0.5002082465639317
6,SDG 6: Clean Water and Sanitation,1997,3,3,0.3333333333333333,Phase 4,
6,SDG 6: Clean Water and Sanitation,1998,3,7,0.5510204081632654,Phase 4,1.0
6,SDG 6: Clean Water and Sanitation,1999,3,13,0.6213017751479291,Phase 4,0.5918367346938775
6,SDG 6: Clean Water and Sanitation,2000,5,30,0.5622222222222221,Phase 4,0.6213017751479291
6,SDG 6: Clean Water and Sanitation,2001,4,32,0.537109375,Phase 4,0.987604645452383
6,SDG 6: Clean Water and Sanitation,2002,5,32,0.4375,Phase 4,0.3994082840236686
6,SDG 6: Clean Water and Sanitation,2003,6,46,0.5482041587901699,Phase 4,0.679593263795816
6,SDG 6: Clean Water and Sanitation,2004,8,53,0.3684585261658953,Phase 4,0.756637457098699
6,SDG 6: Clean Water and Sanitation,2005,8,44,0.3130165289256198,Phase 4,0.6721196438752686
6,SDG 6: Clean Water and Sanitation,2006,11,67,0.3339273780351972,Phase 4,0.8872018890200709
6,SDG 6: Clean Water and Sanitation,2007,8,65,0.2402366863905326,Phase 4,0.9862603989320083
6,SDG 6: Clean Water and Sanitation,2008,15,88,0.1792355371900826,Phase 4,0.2349105568153187
6,SDG 6: Clean Water and Sanitation,2009,14,72,0.255787037037037,Phase 4,0.740926118626431
6,SDG 6: Clean Water and Sanitation,2010,14,80,0.19375,Phase 4,0.4916580901208518
6,SDG 6: Clean Water and Sanitation,2011,19,94,0.1749660479855139,Phase 4,0.8497668913395099
6,SDG 6: Clean Water and Sanitation,2012,18,124,0.1941987513007284,Phase 4,0.7800238186338573
6,SDG 6: Clean Water and Sanitation,2013,20,95,0.2106371191135734,Phase 4,0.7136074531935861
6,SDG 6: Clean Water and Sanitation,2014,21,162,0.1822892851699436,Phase 4,0.9094887905568892
6,SDG 6: Clean Water and Sanitation,2015,25,143,0.1825517140202454,Phase 4,0.421399416909621
6,SDG 6: Clean Water and Sanitation,2016,20,165,0.2491460055096419,Phase 4,0.7361770723541445
6,SDG 6: Clean Water and Sanitation,2017,24,176,0.2130681818181818,Phase 4,0.7326508063519637
6,SDG 6: Clean Water and Sanitation,2018,32,162,0.1233043743331809,Phase 4,0.4102649230902475
6,SDG 6: Clean Water and Sanitation,2019,31,259,0.191007885988581,Phase 4,0.5772954376616376
6,SDG 6: Clean Water and Sanitation,2020,31,181,0.1599157534873783,Phase 4,0.6704812653981654
6,SDG 6: Clean Water and Sanitation,2021,30,227,0.1291505754041413,Phase 4,0.3644032368837528
6,SDG 6: Clean Water and Sanitation,2022,24,186,0.2095617990519135,Phase 4,0.5575487192628917
6,SDG 6: Clean Water and Sanitation,2023,25,207,0.1655814604774907,Phase 4,0.4611327188449038
6,SDG 6: Clean Water and Sanitation,2024,18,131,0.1885088281568673,Phase 4,0.2844206490845396
7,SDG 7: Affordable and Clean Energy,1972,0,0,,Phase 3,
7,SDG 7: Affordable and Clean Energy,1973,0,0,,Phase 3,
7,SDG 7: Affordable and Clean Energy,1974,0,0,,Phase 3,
7,SDG 7: Affordable and Clean Energy,1975,0,0,,Phase 3,
7,SDG 7: Affordable and Clean Energy,1976,0,0,,Phase 3,
7,SDG 7: Affordable and Clean Energy,1977,0,0,,Phase 3,
7,SDG 7: Affordable and Clean Energy,1978,0,0,,Phase 3,
7,SDG 7: Affordable and Clean Energy,1979,0,0,,Phase 3,
7,SDG 7: Affordable and Clean Energy,1980,1,1,1.0,Phase 3,
7,SDG 7: Affordable and Clean Energy,1981,3,3,0.3333333333333333,Phase 3,
7,SDG 7: Affordable and Clean Energy,1982,1,1,1.0,Phase 3,
7,SDG 7: Affordable and Clean Energy,1983,1,1,1.0,Phase 3,
7,SDG 7: Affordable and Clean Energy,1984,0,0,,Phase 3,
7,SDG 7: Affordable and Clean Energy,1985,1,1,1.0,Phase 3,1.0
7,SDG 7: Affordable and Clean Energy,1986,0,0,,Phase 3,
7,SDG 7: Affordable and Clean Energy,1987,0,0,,Phase 3,
7,SDG 7: Affordable and Clean Energy,1988,0,0,,Phase 3,
7,SDG 7: Affordable and Clean Energy,1989,0,0,,Phase 3,
7,SDG 7: Affordable and Clean Energy,1990,1,1,1.0,Phase 3,1.0
7,SDG 7: Affordable and Clean Energy,1991,0,0,,Phase 3,
7,SDG 7: Affordable and Clean Energy,1992,1,1,1.0,Phase 3,1.0
7,SDG 7: Affordable and Clean Energy,1993,1,1,1.0,Phase 3,
7,SDG 7: Affordable and Clean Energy,1994,1,1,1.0,Phase 4,
7,SDG 7: Affordable and Clean Energy,1995,1,7,1.0,Phase 4,
7,SDG 7: Affordable and Clean Energy,1996,1,3,1.0,Phase 4,1.0
7,SDG 7: Affordable and Clean Energy,1997,2,4,0.625,Phase 4,
7,SDG 7: Affordable and Clean Energy,1998,2,15,0.8755555555555556,Phase 4,
7,SDG 7: Affordable and Clean Energy,1999,1,6,1.0,Phase 4,1.0
7,SDG 7: Affordable and Clean Energy,2000,4,9,0.4814814814814815,Phase 4,1.0
7,SDG 7: Affordable and Clean Energy,2001,5,18,0.3950617283950618,Phase 4,0.8251821019771071
7,SDG 7: Affordable and Clean Energy,2002,7,19,0.2908587257617728,Phase 4,1.0
7,SDG 7: Affordable and Clean Energy,2003,8,27,0.2702331961591221,Phase 4,0.4650009914733294
7,SDG 7: Affordable and Clean Energy,2004,6,29,0.2794292508917955,Phase 4,0.7020663265306124
7,SDG 7: Affordable and Clean Energy,2005,7,29,0.2675386444708681,Phase 4,0.9541881387020702
7,SDG 7: Affordable and Clean Energy,2006,10,53,0.2324670701317195,Phase 4,0.7783246272413061
7,SDG 7: Affordable and Clean Energy,2007,10,58,0.2467300832342449,Phase 4,0.9708046200393017
7,SDG 7: Affordable and Clean Energy,2008,15,115,0.2620037807183365,Phase 4,0.857543833218549
7,SDG 7: Affordable and Clean Energy,2009,11,97,0.3061961951323201,Phase 4,0.7488937862640108
7,SDG 7: Affordable and Clean Energy,2010,21,123,0.184347941040386,Phase 4,0.5329207940031156
7,SDG 7: Affordable and Clean Energy,2011,20,143,0.2067093745415423,Phase 4,0.8111330474421936
7,SDG 7: Affordable and Clean Energy,2012,16,147,0.1987597760192513,Phase 4,0.5986668448661832
7,SDG 7: Affordable and Clean Energy,2013,21,189,0.1914000167968422,Phase 4,0.6102505288446798
7,SDG 7: Affordable and Clean Energy,2014,23,203,0.1961950059453032,Phase 4,0.8902482818811825
7,SDG 7: Affordable and Clean Energy,2015,28,228,0.17513080947984,Phase 4,0.4099433988145783
7,SDG 7: Affordable and Clean Energy,2016,22,245,0.1965347771761765,Phase 4,0.5973748357339792
7,SDG 7: Affordable and Clean Energy,2017,28,217,0.1774299730297947,Phase 4,0.486921804599325
7,SDG 7: Affordable and Clean Energy,2018,28,257,0.1687686414631561,Phase 4,0.6100310137045165
7,SDG 7: Affordable and Clean Energy,2019,26,371,0.1654085628555445,Phase 4,0.4105940192648555
7,SDG 7: Affordable and Clean Energy,2020,31,319,0.1580467959237822,Phase 4,0.4886151165246389
7,SDG 7: Affordable and Clean Energy,2021,30,470,0.1700679040289724,Phase 4,0.5624114234032282
7,SDG 7: Affordable and Clean Energy,2022,35,467,0.1643595046059178,Phase 4,0.3368273806864942
7,SDG 7: Affordable and Clean Energy,2023,37,443,0.1717460980692895,Phase 4,0.3428049097058189
7,SDG 7: Affordable and Clean Energy,2024,29,291,0.1695185460729089,Phase 4,0.2203667178026152
8,SDG 8: Decent Work and Economic Growth,1972,1,1,1.0,Phase 3,1.0
8,SDG 8: Decent Work and Economic Growth,1973,1,9,1.0,Phase 3,
8,SDG 8: Decent Work and Economic Growth,1974,1,1,1.0,Phase 3,
8,SDG 8: Decent Work and Economic Growth,1975,2,3,0.5555555555555556,Phase 3,
8,SDG 8: Decent Work and Economic Growth,1976,4,6,0.3333333333333334,Phase 3,1.0
8,SDG 8: Decent Work and Economic Growth,1977,2,4,0.625,Phase 3,
8,SDG 8: Decent Work and Economic Growth,1978,3,18,0.6296296296296298,Phase 3,1.0
8,SDG 8: Decent Work and Economic Growth,1979,2,7,0.7551020408163265,Phase 3,
8,SDG 8: Decent Work and Economic Growth,1980,2,23,0.9168241965973536,Phase 3,0.6800000000000002
8,SDG 8: Decent Work and Economic Growth,1981,4,19,0.7174515235457063,Phase 3,1.0
8,SDG 8: Decent Work and Economic Growth,1982,4,5,0.28,Phase 3,1.0
8,SDG 8: Decent Work and Economic Growth,1983,4,7,0.3061224489795918,Phase 3,1.0
8,SDG 8: Decent Work and Economic Growth,1984,4,25,0.7152,Phase 3,1.0
8,SDG 8: Decent Work and Economic Growth,1985,3,19,0.8060941828254847,Phase 3,1.0
8,SDG 8: Decent Work and Economic Growth,1986,4,10,0.5199999999999999,Phase 3,1.0
8,SDG 8: Decent Work and Economic Growth,1987,1,4,1.0,Phase 3,1.0
8,SDG 8: Decent Work and Economic Growth,1988,4,6,0.3333333333333334,Phase 3,0.8892733564013842
8,SDG 8: Decent Work and Economic Growth,1989,4,8,0.4375,Phase 3,1.0
8,SDG 8: Decent Work and Economic Growth,1990,4,21,0.492063492063492,Phase 3,1.0
8,SDG 8: Decent Work and Economic Growth,1991,4,10,0.5199999999999999,Phase 3,1.0
8,SDG 8: Decent Work and Economic Growth,1992,6,34,0.6851211072664359,Phase 3,0.8934228099027604
8,SDG 8: Decent Work and Economic Growth,1993,3,18,0.7962962962962963,Phase 3,1.0
8,SDG 8: Decent Work and Economic Growth,1994,5,41,0.6989886972040451,Phase 4,1.0
8,SDG 8: Decent Work and Economic Growth,1995,4,51,0.7254901960784313,Phase 4,0.9793836805555556
8,SDG 8: Decent Work and Economic Growth,1996,5,61,0.6425692018274657,Phase 4,0.6500088381606526
8,SDG 8: Decent Work and Economic Growth,1997,6,85,0.5280276816608996,Phase 4,0.7255183673469388
8,SDG 8: Decent Work and Economic Growth,1998,7,111,0.5133511890268646,Phase 4,0.8832890217159269
8,SDG 8: Decent Work and Economic Growth,1999,12,141,0.6712439012122127,Phase 4,0.8431900200490089
8,SDG 8: Decent Work and Economic Growth,2000,13,168,0.3797477324263038,Phase 4,0.7084229319579449
8,SDG 8: Decent Work and Economic Growth,2001,18,191,0.3945889641183083,Phase 4,0.5999040739040101
8,SDG 8: Decent Work and Economic Growth,2002,19,188,0.3535536441828882,Phase 4,0.4588446510759076
8,SDG 8: Decent Work and Economic Growth,2003,24,259,0.4051967024939997,Phase 4,0.7218769398476887
8,SDG 8: Decent Work and Economic Growth,2004,27,290,0.3140546967895363,Phase 4,0.7454551097524073
8,SDG 8: Decent Work and Economic Growth,2005,27,341,0.3658465269476528,Phase 4,0.6331736900839621
8,SDG 8: Decent Work and Economic Growth,2006,36,388,0.3197337655436285,Phase 4,0.6668824411886749
8,SDG 8: Decent Work and Economic Growth,2007,35,474,0.2906496466022182,Phase 4,0.7044306292146849
8,SDG 8: Decent Work and Economic Growth,2008,41,508,0.2630045260090521,Phase 4,0.6340639648741434
8,SDG 8: Decent Work and Economic Growth,2009,44,599,0.2084247256835962,Phase 4,0.4965956403922919
8,SDG 8: Decent Work and Economic Growth,2010,47,680,0.2216479238754326,Phase 4,0.5950071511912379
8,SDG 8: Decent Work and Economic Growth,2011,58,808,0.201680595039702,Phase 4,0.4993263612647188
8,SDG 8: Decent Work and Economic Growth,2012,54,1122,0.2794570429046681,Phase 4,0.8235038684341358
8,SDG 8: Decent Work and Economic Growth,2013,65,1331,0.2400476190207393,Phase 4,0.6484894440090583
8,SDG 8: Decent Work and Economic Growth,2014,61,1329,0.1827162884340245,Phase 4,0.4934603643039889
8,SDG 8: Decent Work and Economic Growth,2015,67,1385,0.1525092207639875,Phase 4,0.4861182736286787
8,SDG 8: Decent Work and Economic Growth,2016,82,1393,0.1745508384915037,Phase 4,0.4915170430631092
8,SDG 8: Decent Work and Economic Growth,2017,74,1593,0.1697055030069171,Phase 4,0.4462183919803612
8,SDG 8: Decent Work and Economic Growth,2018,83,1636,0.1567444898105583,Phase 4,0.4434417826676881
8,SDG 8: Decent Work and Economic Growth,2019,76,1739,0.1660492420772847,Phase 4,0.4254508782679738
8,SDG 8: Decent Work and Economic Growth,2020,71,1801,0.1632836467863957,Phase 4,0.3903869716150113
8,SDG 8: Decent Work and Economic Growth,2021,82,1952,0.1533982590365493,Phase 4,0.2665180479892734
8,SDG 8: Decent Work and Economic Growth,2022,66,1760,0.1773624741735537,Phase 4,0.3251274230541503
8,SDG 8: Decent Work and Economic Growth,2023,69,1585,0.1492919623043318,Phase 4,0.3576874649237728
8,SDG 8: Decent Work and Economic Growth,2024,64,1427,0.1674979828897983,Phase 4,0.3323420632481868
9,"SDG 9: Industry, Innovation and Infrastructure",1972,2,22,0.8347107438016528,Phase 3,
9,"SDG 9: Industry, Innovation and Infrastructure",1973,1,3,1.0,Phase 3,
9,"SDG 9: Industry, Innovation and Infrastructure",1974,0,0,,Phase 3,
9,"SDG 9: Industry, Innovation and Infrastructure",1975,1,12,1.0,Phase 3,
9,"SDG 9: Industry, Innovation and Infrastructure",1976,1,9,1.0,Phase 3,
9,"SDG 9: Industry, Innovation and Infrastructure",1977,1,10,1.0,Phase 3,
9,"SDG 9: Industry, Innovation and Infrastructure",1978,2,17,0.8892733564013842,Phase 3,
9,"SDG 9: Industry, Innovation and Infrastructure",1979,1,17,1.0,Phase 3,
9,"SDG 9: Industry, Innovation and Infrastructure",1980,3,12,0.7083333333333334,Phase 3,
9,"SDG 9: Industry, Innovation and Infrastructure",1981,2,5,0.6800000000000002,Phase 3,1.0
9,"SDG 9: Industry, Innovation and Infrastructure",1982,1,1,1.0,Phase 3,
9,"SDG 9: Industry, Innovation and Infrastructure",1983,1,4,1.0,Phase 3,1.0
9,"SDG 9: Industry, Innovation and Infrastructure",1984,1,32,1.0,Phase 3,
9,"SDG 9: Industry, Innovation and Infrastructure",1985,1,4,1.0,Phase 3,1.0
9,"SDG 9: Industry, Innovation and Infrastructure",1986,2,6,0.7222222222222223,Phase 3,0.625
9,"SDG 9: Industry, Innovation and Infrastructure",1987,1,3,1.0,Phase 3,1.0
9,"SDG 9: Industry, Innovation and Infrastructure",1988,0,0,,Phase 3,
9,"SDG 9: Industry, Innovation and Infrastructure",1989,1,7,1.0,Phase 3,
9,"SDG 9: Industry, Innovation and Infrastructure",1990,1,4,1.0,Phase 3,1.0
9,"SDG 9: Industry, Innovation and Infrastructure",1991,1,3,1.0,Phase 3,1.0
9,"SDG 9: Industry, Innovation and Infrastructure",1992,0,0,,Phase 3,
9,"SDG 9: Industry, Innovation and Infrastructure",1993,1,2,1.0,Phase 3,
9,"SDG 9: Industry, Innovation and Infrastructure",1994,1,4,1.0,Phase 4,1.0
9,"SDG 9: Industry, Innovation and Infrastructure",1995,2,26,0.9260355029585798,Phase 4,1.0
9,"SDG 9: Industry, Innovation and Infrastructure",1996,3,12,0.7083333333333334,Phase 4,0.9636488340192044
9,"SDG 9: Industry, Innovation and Infrastructure",1997,2,23,0.7731568998109641,Phase 4,1.0
9,"SDG 9: Industry, Innovation and Infrastructure",1998,3,40,0.6412500000000001,Phase 4,0.7958579881656804
9,"SDG 9: Industry, Innovation and Infrastructure",1999,4,28,0.6326530612244897,Phase 4,1.0
9,"SDG 9: Industry, Innovation and Infrastructure",2000,6,28,0.3418367346938775,Phase 4,0.3090530697190427
9,"SDG 9: Industry, Innovation and Infrastructure",2001,6,42,0.4104308390022676,Phase 4,0.6806099442268898
9,"SDG 9: Industry, Innovation and Infrastructure",2002,14,42,0.2789115646258503,Phase 4,0.8428285001711575
9,"SDG 9: Industry, Innovation and Infrastructure",2003,12,58,0.2752675386444708,Phase 4,0.6301108678765623
9,"SDG 9: Industry, Innovation and Infrastructure",2004,14,66,0.2525252525252525,Phase 4,0.9589408636744405
9,"SDG 9: Industry, Innovation and Infrastructure",2005,9,104,0.3352440828402367,Phase 4,0.7989243193207571
9,"SDG 9: Industry, Innovation and Infrastructure",2006,19,94,0.2793119058397465,Phase 4,0.6831769277167585
9,"SDG 9: Industry, Innovation and Infrastructure",2007,17,141,0.2461143805643579,Phase 4,0.4847587229441433
9,"SDG 9: Industry, Innovation and Infrastructure",2008,27,136,0.1920415224913495,Phase 4,0.6016920142794269
9,"SDG 9: Industry, Innovation and Infrastructure",2009,23,178,0.2239616210074485,Phase 4,0.645047627579205
9,"SDG 9: Industry, Innovation and Infrastructure",2010,34,232,0.1801798454221165,Phase 4,0.69866980745769
9,"SDG 9: Industry, Innovation and Infrastructure",2011,37,256,0.1507568359375,Phase 4,0.4069690119184929
9,"SDG 9: Industry, Innovation and Infrastructure",2012,37,315,0.1983270345175107,Phase 4,0.8553977939504174
9,"SDG 9: Industry, Innovation and Infrastructure",2013,42,395,0.1794391924371094,Phase 4,0.481554508228386
9,"SDG 9: Industry, Innovation and Infrastructure",2014,46,426,0.1535519848354603,Phase 4,0.5474662963697681
9,"SDG 9: Industry, Innovation and Infrastructure",2015,45,469,0.138938266329031,Phase 4,0.7350619338729609
9,"SDG 9: Industry, Innovation and Infrastructure",2016,52,481,0.1633594253136873,Phase 4,0.4165450577060954
9,"SDG 9: Industry, Innovation and Infrastructure",2017,59,508,0.1411277822555645,Phase 4,0.3122284142646368
9,"SDG 9: Industry, Innovation and Infrastructure",2018,52,542,0.1219005732492749,Phase 4,0.3980756581212744
9,"SDG 9: Industry, Innovation and Infrastructure",2019,59,691,0.1428727006938496,Phase 4,0.3960135169979203
9,"SDG 9: Industry, Innovation and Infrastructure",2020,50,573,0.1317123982346975,Phase 4,0.3383411691394955
9,"SDG 9: Industry, Innovation and Infrastructure",2021,57,727,0.1431501393490234,Phase 4,0.2489687454777394
9,"SDG 9: Industry, Innovation and Infrastructure",2022,47,536,0.1435035642682112,Phase 4,0.2527537377087329
9,"SDG 9: Industry, Innovation and Infrastructure",2023,47,524,0.1377105063807471,Phase 4,0.2327309837926451
9,"SDG 9: Industry, Innovation and Infrastructure",2024,35,455,0.1482091534838787,Phase 4,0.3171973150612376
10,SDG 10: Reduced Inequality,1972,1,2,1.0,Phase 3,
10,SDG 10: Reduced Inequality,1973,1,1,1.0,Phase 3,
10,SDG 10: Reduced Inequality,1974,2,6,0.5555555555555556,Phase 3,1.0
10,SDG 10: Reduced Inequality,1975,1,10,1.0,Phase 3,
10,SDG 10: Reduced Inequality,1976,2,19,0.9002770083102491,Phase 3,
10,SDG 10: Reduced Inequality,1977,3,21,0.746031746031746,Phase 3,1.0
10,SDG 10: Reduced Inequality,1978,4,32,0.62890625,Phase 3,0.9286694101508914
10,SDG 10: Reduced Inequality,1979,3,33,0.8310376492194673,Phase 3,0.625
10,SDG 10: Reduced Inequality,1980,2,3,0.5555555555555556,Phase 3,
10,SDG 10: Reduced Inequality,1981,2,33,0.8861340679522498,Phase 3,0.510204081632653
10,SDG 10: Reduced Inequality,1982,2,6,0.7222222222222223,Phase 3,1.0
10,SDG 10: Reduced Inequality,1983,2,18,0.8950617283950617,Phase 3,1.0
10,SDG 10: Reduced Inequality,1984,2,16,0.78125,Phase 3,1.0
10,SDG 10: Reduced Inequality,1985,2,12,0.8472222222222221,Phase 3,1.0
10,SDG 10: Reduced Inequality,1986,5,13,0.3017751479289941,Phase 3,0.6262975778546712
10,SDG 10: Reduced Inequality,1987,2,8,0.53125,Phase 3,1.0
10,SDG 10: Reduced Inequality,1988,2,4,0.625,Phase 3,1.0
10,SDG 10: Reduced Inequality,1989,4,14,0.6326530612244896,Phase 3,1.0
10,SDG 10: Reduced Inequality,1990,3,26,0.6213017751479291,Phase 3,0.9865777940102263
10,SDG 10: Reduced Inequality,1991,3,13,0.727810650887574,Phase 3,0.8854848304580605
10,SDG 10: Reduced Inequality,1992,4,35,0.7420408163265306,Phase 3,1.0
10,SDG 10: Reduced Inequality,1993,4,30,0.66,Phase 3,0.5503826530612245
10,SDG 10: Reduced Inequality,1994,3,69,0.515227893299727,Phase 4,1.0
10,SDG 10: Reduced Inequality,1995,4,67,0.7139674760525728,Phase 4,0.9269347860919726
10,SDG 10: Reduced Inequality,1996,5,48,0.4574652777777778,Phase 4,0.9456447187928668
10,SDG 10: Reduced Inequality,1997,5,39,0.4345825115055884,Phase 4,0.5144
10,SDG 10: Reduced Inequality,1998,7,74,0.6676406135865597,Phase 4,0.8075519693083962
10,SDG 10: Reduced Inequality,1999,8,127,0.7026474052948105,Phase 4,0.7344176698782792
10,SDG 10: Reduced Inequality,2000,8,163,0.586209492265422,Phase 4,0.7385792623172994
10,SDG 10: Reduced Inequality,2001,15,170,0.5053979238754325,Phase 4,0.8977989949866713
10,SDG 10: Reduced Inequality,2002,19,153,0.3107779059336154,Phase 4,0.5565906059697481
10,SDG 10: Reduced Inequality,2003,16,179,0.3569489092100745,Phase 4,0.55677191206213
10,SDG 10: Reduced Inequality,2004,19,207,0.3611052766692339,Phase 4,0.6513579554558565
10,SDG 10: Reduced Inequality,2005,17,201,0.355709017103537,Phase 4,0.6215997374563322
10,SDG 10: Reduced Inequality,2006,21,255,0.2560707420222991,Phase 4,0.6015689577758655
10,SDG 10: Reduced Inequality,2007,23,316,0.2839088287133472,Phase 4,0.598813366012279
10,SDG 10: Reduced Inequality,2008,29,367,0.3025117121665467,Phase 4,0.6467386053350137
10,SDG 10: Reduced Inequality,2009,28,348,0.2458878319460959,Phase 4,0.6335731672580787
10,SDG 10: Reduced Inequality,2010,29,413,0.2372705474031037,Phase 4,0.4784566864879326
10,SDG 10: Reduced Inequality,2011,30,489,0.2315605906633043,Phase 4,0.6422327829350708
10,SDG 10: Reduced Inequality,2012,37,566,0.2852951091910251,Phase 4,0.8490741025043409
10,SDG 10: Reduced Inequality,2013,42,735,0.2596936461659493,Phase 4,0.581594508978115
10,SDG 10: Reduced Inequality,2014,46,772,0.1967368251496684,Phase 4,0.4599447289143529
10,SDG 10: Reduced Inequality,2015,51,812,0.201385012982601,Phase 4,0.5784283821444596
10,SDG 10: Reduced Inequality,2016,49,873,0.1897697109019602,Phase 4,0.4698148330839854
10,SDG 10: Reduced Inequality,2017,45,997,0.1896632726665453,Phase 4,0.4238725139450488
10,SDG 10: Reduced Inequality,2018,49,1101,0.1842705953880586,Phase 4,0.6306261922571896
10,SDG 10: Reduced Inequality,2019,48,1146,0.1626082374691239,Phase 4,0.4803384983054501
10,SDG 10: Reduced Inequality,2020,55,1149,0.1681054627287815,Phase 4,0.4669125402934071
10,SDG 10: Reduced Inequality,2021,53,1292,0.1694375485243796,Phase 4,0.2799972345194195
10,SDG 10: Reduced Inequality,2022,43,1146,0.182545556438816,Phase 4,0.2789496285854822
10,SDG 10: Reduced Inequality,2023,41,1115,0.1578177723260069,Phase 4,0.2820770956179905
10,SDG 10: Reduced Inequality,2024,36,1003,0.1732658455341851,Phase 4,0.3264418521477407
11,SDG 11: Sustainable Cities and Communities,1972,3,5,0.4400000000000001,Phase 3,
11,SDG 11: Sustainable Cities and Communities,1973,0,0,,Phase 3,
11,SDG 11: Sustainable Cities and Communities,1974,2,3,0.5555555555555556,Phase 3,1.0
11,SDG 11: Sustainable Cities and Communities,1975,3,12,0.5,Phase 3,1.0
11,SDG 11: Sustainable Cities and Communities,1976,2,5,0.6800000000000002,Phase 3,
11,SDG 11: Sustainable Cities and Communities,1977,4,23,0.7618147448015123,Phase 3,1.0
11,SDG 11: Sustainable Cities and Communities,1978,1,11,1.0,Phase 3,
11,SDG 11: Sustainable Cities and Communities,1979,2,9,0.8024691358024691,Phase 3,1.0
11,SDG 11: Sustainable Cities and Communities,1980,3,3,0.3333333333333333,Phase 3,
11,SDG 11: Sustainable Cities and Communities,1981,2,29,0.8715814506539834,Phase 3,
11,SDG 11: Sustainable Cities and Communities,1982,4,35,0.6979591836734695,Phase 3,
11,SDG 11: Sustainable Cities and Communities,1983,1,6,1.0,Phase 3,
11,SDG 11: Sustainable Cities and Communities,1984,3,18,0.7098765432098766,Phase 3,
11,SDG 11: Sustainable Cities and Communities,1985,3,19,0.7229916897506924,Phase 3,1.0
11,SDG 11: Sustainable Cities and Communities,1986,4,8,0.34375,Phase 3,0.53125
11,SDG 11: Sustainable Cities and Communities,1987,2,6,0.5555555555555556,Phase 3,
11,SDG 11: Sustainable Cities and Communities,1988,3,4,0.375,Phase 3,
11,SDG 11: Sustainable Cities and Communities,1989,2,8,0.625,Phase 3,
11,SDG 11: Sustainable Cities and Communities,1990,2,4,0.5,Phase 3,
11,SDG 11: Sustainable Cities and Communities,1991,2,8,0.625,Phase 3,
11,SDG 11: Sustainable Cities and Communities,1992,4,55,0.7705785123966942,Phase 3,1.0
11,SDG 11: Sustainable Cities and Communities,1993,3,7,0.4285714285714285,Phase 3,1.0
11,SDG 11: Sustainable Cities and Communities,1994,3,13,0.6213017751479291,Phase 4,1.0
11,SDG 11: Sustainable Cities and Communities,1995,4,17,0.6055363321799309,Phase 4,
11,SDG 11: Sustainable Cities and Communities,1996,5,22,0.5041322314049586,Phase 4,0.5517159763313609
11,SDG 11: Sustainable Cities and Communities,1997,4,28,0.3698979591836735,Phase 4,0.78125
11,SDG 11: Sustainable Cities and Communities,1998,5,46,0.4073724007561437,Phase 4,0.7712031558185405
11,SDG 11: Sustainable Cities and Communities,1999,5,73,0.6873709889285043,Phase 4,0.659100374843815
11,SDG 11: Sustainable Cities and Communities,2000,7,94,0.3884110457220462,Phase 4,0.6572222222222223
11,SDG 11: Sustainable Cities and Communities,2001,13,99,0.3798591980410162,Phase 4,0.406547769217334
11,SDG 11: Sustainable Cities and Communities,2002,10,106,0.2607689569241723,Phase 4,0.9118974409839317
11,SDG 11: Sustainable Cities and Communities,2003,11,119,0.3157262905162065,Phase 4,0.7841724007561437
11,SDG 11: Sustainable Cities and Communities,2004,15,145,0.3435434007134363,Phase 4,0.3531583431376527
11,SDG 11: Sustainable Cities and Communities,2005,14,175,0.257404081632653,Phase 4,0.391163324235592
11,SDG 11: Sustainable Cities and Communities,2006,15,221,0.2674187670195123,Phase 4,0.4864870951758929
11,SDG 11: Sustainable Cities and Communities,2007,20,228,0.218990458602647,Phase 4,0.3444908973332021
11,SDG 11: Sustainable Cities and Communities,2008,24,300,0.2328888888888889,Phase 4,0.6427808109793806
11,SDG 11: Sustainable Cities and Communities,2009,20,350,0.3075918367346938,Phase 4,0.4127598435332907
11,SDG 11: Sustainable Cities and Communities,2010,23,409,0.256843275685822,Phase 4,0.4348735056152639
11,SDG 11: Sustainable Cities and Communities,2011,23,409,0.220796145408026,Phase 4,0.3701195227714275
11,SDG 11: Sustainable Cities and Communities,2012,32,541,0.1945428640738552,Phase 4,0.5817059615113589
11,SDG 11: Sustainable Cities and Communities,2013,30,627,0.2238018563881067,Phase 4,0.4714548102826491
11,SDG 11: Sustainable Cities and Communities,2014,38,681,0.2440977141243011,Phase 4,0.9218966039305895
11,SDG 11: Sustainable Cities and Communities,2015,39,716,0.2033800443182173,Phase 4,0.5027249062890463
11,SDG 11: Sustainable Cities and Communities,2016,41,883,0.1844491842260183,Phase 4,0.4257543915130064
11,SDG 11: Sustainable Cities and Communities,2017,46,891,0.2313810256197087,Phase 4,0.3510204081632652
11,SDG 11: Sustainable Cities and Communities,2018,49,1068,0.240833087853666,Phase 4,0.3527532817713109
11,SDG 11: Sustainable Cities and Communities,2019,47,1191,0.2147261753946651,Phase 4,0.3760684918813573
11,SDG 11: Sustainable Cities and Communities,2020,45,1067,0.2343676574828567,Phase 4,0.2976437883516761
11,SDG 11: Sustainable Cities and Communities,2021,45,1292,0.2099536082968302,Phase 4,0.6650126785261922
11,SDG 11: Sustainable Cities and Communities,2022,50,1215,0.1980436586563701,Phase 4,0.2659955072149844
11,SDG 11: Sustainable Cities and Communities,2023,43,1249,0.230062032011518,Phase 4,0.2301249709665494
11,SDG 11: Sustainable Cities and Communities,2024,39,972,0.2342143812765669,Phase 4,0.15803565330237
12,SDG 12: Responsible Consumption and Production,1972,0,0,,Phase 3,
12,SDG 12: Responsible Consumption and Production,1973,0,0,,Phase 3,
12,SDG 12: Responsible Consumption and Production,1974,0,0,,Phase 3,
12,SDG 12: Responsible Consumption and Production,1975,0,0,,Phase 3,
12,SDG 12: Responsible Consumption and Production,1976,1,2,1.0,Phase 3,
12,SDG 12: Responsible Consumption and Production,1977,0,0,,Phase 3,
12,SDG 12: Responsible Consumption and Production,1978,0,0,,Phase 3,
12,SDG 12: Responsible Consumption and Production,1979,1,1,1.0,Phase 3,
12,SDG 12: Responsible Consumption and Production,1980,1,6,1.0,Phase 3,
12,SDG 12: Responsible Consumption and Production,1981,0,0,,Phase 3,
12,SDG 12: Responsible Consumption and Production,1982,1,1,1.0,Phase 3,
12,SDG 12: Responsible Consumption and Production,1983,1,2,1.0,Phase 3,1.0
12,SDG 12: Responsible Consumption and Production,1984,2,2,0.5,Phase 3,
12,SDG 12: Responsible Consumption and Production,1985,1,3,1.0,Phase 3,
12,SDG 12: Responsible Consumption and Production,1986,1,1,1.0,Phase 3,
12,SDG 12: Responsible Consumption and Production,1987,2,2,0.5,Phase 3,
12,SDG 12: Responsible Consumption and Production,1988,1,1,1.0,Phase 3,
12,SDG 12: Responsible Consumption and Production,1989,3,3,0.3333333333333333,Phase 3,
12,SDG 12: Responsible Consumption and Production,1990,1,1,1.0,Phase 3,
12,SDG 12: Responsible Consumption and Production,1991,1,1,1.0,Phase 3,
12,SDG 12: Responsible Consumption and Production,1992,2,3,0.5555555555555556,Phase 3,1.0
12,SDG 12: Responsible Consumption and Production,1993,3,3,0.3333333333333333,Phase 3,1.0
12,SDG 12: Responsible Consumption and Production,1994,1,2,1.0,Phase 4,
12,SDG 12: Responsible Consumption and Production,1995,1,4,1.0,Phase 4,
12,SDG 12: Responsible Consumption and Production,1996,1,13,1.0,Phase 4,1.0
12,SDG 12: Responsible Consumption and Production,1997,3,6,0.5,Phase 4,1.0
12,SDG 12: Responsible Consumption and Production,1998,3,22,0.8305785123966942,Phase 4,0.5022222222222222
12,SDG 12: Responsible Consumption and Production,1999,3,17,0.6193771626297578,Phase 4,0.5
12,SDG 12: Responsible Consumption and Production,2000,4,26,0.7248520710059171,Phase 4,0.9545700378583017
12,SDG 12: Responsible Consumption and Production,2001,5,19,0.5013850415512465,Phase 4,1.0
12,SDG 12: Responsible Consumption and Production,2002,13,38,0.263157894736842,Phase 4,0.6339274659374141
12,SDG 12: Responsible Consumption and Production,2003,9,37,0.4112490869247625,Phase 4,0.9726080246913582
12,SDG 12: Responsible Consumption and Production,2004,9,24,0.1597222222222222,Phase 4,0.4296875
12,SDG 12: Responsible Consumption and Production,2005,8,36,0.4058641975308643,Phase 4,0.5471444705595068
12,SDG 12: Responsible Consumption and Production,2006,7,32,0.24609375,Phase 4,0.8214506539833532
12,SDG 12: Responsible Consumption and Production,2007,10,42,0.209750566893424,Phase 4,0.9235929665984041
12,SDG 12: Responsible Consumption and Production,2008,16,52,0.1974852071005917,Phase 4,0.9670422271464685
12,SDG 12: Responsible Consumption and Production,2009,15,40,0.165,Phase 4,0.8486911242603551
12,SDG 12: Responsible Consumption and Production,2010,12,56,0.2423469387755101,Phase 4,0.7001388888888889
12,SDG 12: Responsible Consumption and Production,2011,24,85,0.126643598615917,Phase 4,0.5621806821553578
12,SDG 12: Responsible Consumption and Production,2012,21,98,0.1547271970012495,Phase 4,0.4748533162614801
12,SDG 12: Responsible Consumption and Production,2013,19,93,0.1446409989594173,Phase 4,0.4854575996074212
12,SDG 12: Responsible Consumption and Production,2014,19,113,0.1617197901166889,Phase 4,0.6142099234069316
12,SDG 12: Responsible Consumption and Production,2015,22,102,0.1691657054978855,Phase 4,0.2972335171082406
12,SDG 12: Responsible Consumption and Production,2016,22,172,0.2755543537047053,Phase 4,0.7097383603968104
12,SDG 12: Responsible Consumption and Production,2017,23,128,0.1741943359375,Phase 4,0.7682576326753637
12,SDG 12: Responsible Consumption and Production,2018,24,113,0.1899130707181455,Phase 4,0.6454093152516208
12,SDG 12: Responsible Consumption and Production,2019,25,205,0.2467816775728733,Phase 4,0.3607578947368421
12,SDG 12: Responsible Consumption and Production,2020,29,147,0.1882086167800453,Phase 4,0.4385985973140541
12,SDG 12: Responsible Consumption and Production,2021,24,157,0.1568014929611749,Phase 4,0.2787634041390615
12,SDG 12: Responsible Consumption and Production,2022,28,180,0.1495061728395062,Phase 4,0.3104078504774305
12,SDG 12: Responsible Consumption and Production,2023,29,144,0.1546103395061728,Phase 4,0.418493323255228
12,SDG 12: Responsible Consumption and Production,2024,18,136,0.2334558823529412,Phase 4,0.3224193561629215
13,SDG 13: Climate Action,1972,0,0,,Phase 3,
13,SDG 13: Climate Action,1973,0,0,,Phase 3,
13,SDG 13: Climate Action,1974,0,0,,Phase 3,
13,SDG 13: Climate Action,1975,1,1,1.0,Phase 3,
13,SDG 13: Climate Action,1976,0,0,,Phase 3,
13,SDG 13: Climate Action,1977,1,1,1.0,Phase 3,
13,SDG 13: Climate Action,1978,0,0,,Phase 3,
13,SDG 13: Climate Action,1979,0,0,,Phase 3,
13,SDG 13: Climate Action,1980,1,1,1.0,Phase 3,
13,SDG 13: Climate Action,1981,0,0,,Phase 3,
13,SDG 13: Climate Action,1982,1,12,1.0,Phase 3,
13,SDG 13: Climate Action,1983,1,3,1.0,Phase 3,1.0
13,SDG 13: Climate Action,1984,1,9,1.0,Phase 3,
13,SDG 13: Climate Action,1985,1,3,1.0,Phase 3,
13,SDG 13: Climate Action,1986,1,3,1.0,Phase 3,1.0
13,SDG 13: Climate Action,1987,1,15,1.0,Phase 3,
13,SDG 13: Climate Action,1988,1,2,1.0,Phase 3,1.0
13,SDG 13: Climate Action,1989,1,1,1.0,Phase 3,
13,SDG 13: Climate Action,1990,1,5,1.0,Phase 3,1.0
13,SDG 13: Climate Action,1991,2,4,0.625,Phase 3,1.0
13,SDG 13: Climate Action,1992,1,7,1.0,Phase 3,1.0
13,SDG 13: Climate Action,1993,1,2,1.0,Phase 3,1.0
13,SDG 13: Climate Action,1994,2,3,0.5555555555555556,Phase 4,
13,SDG 13: Climate Action,1995,2,5,0.6800000000000002,Phase 4,
13,SDG 13: Climate Action,1996,2,19,0.9002770083102491,Phase 4,
13,SDG 13: Climate Action,1997,2,22,0.7644628099173554,Phase 4,0.8605380606098436
13,SDG 13: Climate Action,1998,2,15,0.8755555555555556,Phase 4,1.0
13,SDG 13: Climate Action,1999,7,48,0.7335069444444444,Phase 4,0.5003652300949598
13,SDG 13: Climate Action,2000,7,45,0.6483950617283952,Phase 4,0.9888697294091944
13,SDG 13: Climate Action,2001,10,80,0.6846874999999998,Phase 4,0.9470803303400445
13,SDG 13: Climate Action,2002,11,68,0.4770761245674741,Phase 4,0.7525551020408163
13,SDG 13: Climate Action,2003,12,53,0.6034175863296546,Phase 4,0.9296748185971514
13,SDG 13: Climate Action,2004,14,65,0.5086390532544378,Phase 4,0.6674598453301607
13,SDG 13: Climate Action,2005,15,109,0.379008500967932,Phase 4,0.5630309033592628
13,SDG 13: Climate Action,2006,17,115,0.2511153119092627,Phase 4,0.8384631054976397
13,SDG 13: Climate Action,2007,25,164,0.2903033908387865,Phase 4,0.9493278691738194
13,SDG 13: Climate Action,2008,23,241,0.2747370052168524,Phase 4,0.6455060863896503
13,SDG 13: Climate Action,2009,29,326,0.2813052805901615,Phase 4,0.6294456998210864
13,SDG 13: Climate Action,2010,34,335,0.2623390510135888,Phase 4,0.5275980981303754
13,SDG 13: Climate Action,2011,36,391,0.2325534239048671,Phase 4,0.5965018076626265
13,SDG 13: Climate Action,2012,35,410,0.2648542534205829,Phase 4,0.8034998763186554
13,SDG 13: Climate Action,2013,43,469,0.2125240383522534,Phase 4,0.6284106597595787
13,SDG 13: Climate Action,2014,42,580,0.2121819262782402,Phase 4,0.8454200947169813
13,SDG 13: Climate Action,2015,45,576,0.215404369212963,Phase 4,0.580267981248477
13,SDG 13: Climate Action,2016,53,745,0.305343002567452,Phase 4,0.5730006799602917
13,SDG 13: Climate Action,2017,56,694,0.1994493767077212,Phase 4,0.369778378271605
13,SDG 13: Climate Action,2018,45,791,0.1861955213599262,Phase 4,0.6164971892306611
13,SDG 13: Climate Action,2019,61,1127,0.1550543291271989,Phase 4,0.4138483321443035
13,SDG 13: Climate Action,2020,62,1066,0.1741338101792044,Phase 4,0.4130620605325179
13,SDG 13: Climate Action,2021,75,1712,0.1630962584068478,Phase 4,0.49516495916627
13,SDG 13: Climate Action,2022,66,1478,0.1847200528820535,Phase 4,0.4525569310440725
13,SDG 13: Climate Action,2023,61,1417,0.175661602807725,Phase 4,0.2223883094482547
13,SDG 13: Climate Action,2024,55,1249,0.1794056542271448,Phase 4,0.3505139842963249
14,SDG 14: Life Below Water,1972,0,0,,Phase 3,
14,SDG 14: Life Below Water,1973,0,0,,Phase 3,
14,SDG 14: Life Below Water,1974,0,0,,Phase 3,
14,SDG 14: Life Below Water,1975,0,0,,Phase 3,
14,SDG 14: Life Below Water,1976,0,0,,Phase 3,
14,SDG 14: Life Below Water,1977,0,0,,Phase 3,
14,SDG 14: Life Below Water,1978,1,1,1.0,Phase 3,1.0
14,SDG 14: Life Below Water,1979,1,1,1.0,Phase 3,
14,SDG 14: Life Below Water,1980,0,0,,Phase 3,
14,SDG 14: Life Below Water,1981,0,0,,Phase 3,
14,SDG 14: Life Below Water,1982,1,1,1.0,Phase 3,
14,SDG 14: Life Below Water,1983,1,21,1.0,Phase 3,
14,SDG 14: Life Below Water,1984,0,0,,Phase 3,
14,SDG 14: Life Below Water,1985,2,2,0.5,Phase 3,
14,SDG 14: Life Below Water,1986,1,1,1.0,Phase 3,
14,SDG 14: Life Below Water,1987,0,0,,Phase 3,
14,SDG 14: Life Below Water,1988,1,1,1.0,Phase 3,1.0
14,SDG 14: Life Below Water,1989,0,0,,Phase 3,
14,SDG 14: Life Below Water,1990,0,0,,Phase 3,
14,SDG 14: Life Below Water,1991,0,0,,Phase 3,
14,SDG 14: Life Below Water,1992,0,0,,Phase 3,
14,SDG 14: Life Below Water,1993,0,0,,Phase 3,
14,SDG 14: Life Below Water,1994,1,1,1.0,Phase 4,
14,SDG 14: Life Below Water,1995,1,1,1.0,Phase 4,
14,SDG 14: Life Below Water,1996,1,1,1.0,Phase 4,
14,SDG 14: Life Below Water,1997,2,3,0.5555555555555556,Phase 4,1.0
14,SDG 14: Life Below Water,1998,2,4,0.625,Phase 4,0.625
14,SDG 14: Life Below Water,1999,3,5,0.4400000000000001,Phase 4,0.8124263038548754
14,SDG 14: Life Below Water,2000,3,15,0.5733333333333333,Phase 4,0.5039181125103527
14,SDG 14: Life Below Water,2001,5,12,0.3888888888888889,Phase 4,0.8114410604769777
14,SDG 14: Life Below Water,2002,4,10,0.34,Phase 4,1.0
14,SDG 14: Life Below Water,2003,7,19,0.4238227146814403,Phase 4,0.7330558858501784
14,SDG 14: Life Below Water,2004,5,20,0.41,Phase 4,0.5465116279069766
14,SDG 14: Life Below Water,2005,6,13,0.2307692307692308,Phase 4,0.4564121945074325
14,SDG 14: Life Below Water,2006,6,19,0.2132963988919667,Phase 4,0.8842975206611572
14,SDG 14: Life Below Water,2007,7,39,0.3504273504273503,Phase 4,0.961789802289282
14,SDG 14: Life Below Water,2008,7,35,0.3746938775510204,Phase 4,1.0
14,SDG 14: Life Below Water,2009,7,30,0.2533333333333334,Phase 4,0.6652751522789331
14,SDG 14: Life Below Water,2010,8,35,0.3697959183673469,Phase 4,0.9363206508818427
14,SDG 14: Life Below Water,2011,10,28,0.3163265306122448,Phase 4,0.8441358024691357
14,SDG 14: Life Below Water,2012,12,47,0.2485287460389317,Phase 4,0.9515270156988264
14,SDG 14: Life Below Water,2013,11,32,0.291015625,Phase 4,0.5484764542936289
14,SDG 14: Life Below Water,2014,9,50,0.2792,Phase 4,0.9857655473367051
14,SDG 14: Life Below Water,2015,13,53,0.1527233891064436,Phase 4,0.3254451679152373
14,SDG 14: Life Below Water,2016,11,78,0.3790269559500329,Phase 4,0.790493079584775
14,SDG 14: Life Below Water,2017,10,65,0.2757396449704142,Phase 4,0.4195032847300112
14,SDG 14: Life Below Water,2018,15,77,0.1573621184010794,Phase 4,0.5238342046751998
14,SDG 14: Life Below Water,2019,14,79,0.2251241788174972,Phase 4,0.3248670590311615
14,SDG 14: Life Below Water,2020,17,67,0.1891289819558922,Phase 4,0.7340843336411204
14,SDG 14: Life Below Water,2021,14,71,0.2037294187661178,Phase 4,0.655694258472282
14,SDG 14: Life Below Water,2022,18,86,0.167658193618172,Phase 4,0.3624063175896585
14,SDG 14: Life Below Water,2023,15,60,0.1394444444444444,Phase 4,0.3698765432098765
14,SDG 14: Life Below Water,2024,8,43,0.2882639264467279,Phase 4,0.5868444444444446
15,SDG 15: Life on Land,1972,1,1,1.0,Phase 3,1.0
15,SDG 15: Life on Land,1973,1,1,1.0,Phase 3,
15,SDG 15: Life on Land,1974,1,1,1.0,Phase 3,1.0
15,SDG 15: Life on Land,1975,1,4,1.0,Phase 3,
15,SDG 15: Life on Land,1976,0,0,,Phase 3,
15,SDG 15: Life on Land,1977,0,0,,Phase 3,
15,SDG 15: Life on Land,1978,0,0,,Phase 3,
15,SDG 15: Life on Land,1979,1,1,1.0,Phase 3,1.0
15,SDG 15: Life on Land,1980,2,2,0.5,Phase 3,
15,SDG 15: Life on Land,1981,2,2,0.5,Phase 3,
15,SDG 15: Life on Land,1982,2,9,0.8024691358024691,Phase 3,1.0
15,SDG 15: Life on Land,1983,1,2,1.0,Phase 3,
15,SDG 15: Life on Land,1984,2,2,0.5,Phase 3,0.5371900826446281
15,SDG 15: Life on Land,1985,2,2,0.5,Phase 3,1.0
15,SDG 15: Life on Land,1986,3,4,0.375,Phase 3,1.0
15,SDG 15: Life on Land,1987,4,15,0.5644444444444443,Phase 3,0.510204081632653
15,SDG 15: Life on Land,1988,1,2,1.0,Phase 3,
15,SDG 15: Life on Land,1989,4,5,0.28,Phase 3,1.0
15,SDG 15: Life on Land,1990,4,9,0.308641975308642,Phase 3,0.5211937716262975
15,SDG 15: Life on Land,1991,4,12,0.4027777777777778,Phase 3,0.5399999999999999
15,SDG 15: Life on Land,1992,4,14,0.3469387755102041,Phase 3,0.6508390022675736
15,SDG 15: Life on Land,1993,5,10,0.4,Phase 3,0.868584838281808
15,SDG 15: Life on Land,1994,3,10,0.34,Phase 4,0.8359312012899758
15,SDG 15: Life on Land,1995,4,11,0.3223140495867768,Phase 4,0.7731568998109641
15,SDG 15: Life on Land,1996,6,29,0.2485136741973841,Phase 4,0.6536932711830479
15,SDG 15: Life on Land,1997,5,18,0.3271604938271605,Phase 4,0.5081484834766863
15,SDG 15: Life on Land,1998,7,14,0.2346938775510204,Phase 4,0.3576331360946746
15,SDG 15: Life on Land,1999,6,32,0.296875,Phase 4,0.3685549156853217
15,SDG 15: Life on Land,2000,8,33,0.285583103764922,Phase 4,0.453514739229025
15,SDG 15: Life on Land,2001,9,62,0.4854318418314255,Phase 4,0.8632819146404699
15,SDG 15: Life on Land,2002,13,61,0.2958882020962106,Phase 4,0.4469682979378269
15,SDG 15: Life on Land,2003,11,67,0.3267988416128313,Phase 4,0.4205325443786982
15,SDG 15: Life on Land,2004,11,90,0.3720987654320987,Phase 4,0.618087551871349
15,SDG 15: Life on Land,2005,11,65,0.2596449704142012,Phase 4,0.4286363154627625
15,SDG 15: Life on Land,2006,16,83,0.2689795325881841,Phase 4,0.5151437481310607
15,SDG 15: Life on Land,2007,17,126,0.2745023935500126,Phase 4,0.9608074395452341
15,SDG 15: Life on Land,2008,21,138,0.2090947279983197,Phase 4,0.368608470024677
15,SDG 15: Life on Land,2009,21,111,0.2083434786137489,Phase 4,0.3938989774631511
15,SDG 15: Life on Land,2010,22,146,0.2325014073935072,Phase 4,0.315763281500317
15,SDG 15: Life on Land,2011,20,144,0.1836419753086419,Phase 4,0.3290562093805509
15,SDG 15: Life on Land,2012,19,190,0.2106925207756233,Phase 4,0.2978607927693762
15,SDG 15: Life on Land,2013,28,163,0.1839361662087395,Phase 4,0.4972493928537884
15,SDG 15: Life on Land,2014,26,181,0.2035652147370349,Phase 4,0.2485612229483112
15,SDG 15: Life on Land,2015,25,202,0.173659445152436,Phase 4,0.5382994126691243
15,SDG 15: Life on Land,2016,28,283,0.3314437688072021,Phase 4,0.6945326056393706
15,SDG 15: Life on Land,2017,25,165,0.1778879706152433,Phase 4,0.5434644852110742
15,SDG 15: Life on Land,2018,33,276,0.1812644402436463,Phase 4,0.410533887572999
15,SDG 15: Life on Land,2019,38,343,0.1972732449914576,Phase 4,0.7580211436303271
15,SDG 15: Life on Land,2020,41,259,0.1556774645577735,Phase 4,0.5104761046799693
15,SDG 15: Life on Land,2021,35,254,0.1098022196044392,Phase 4,0.2051059936087991
15,SDG 15: Life on Land,2022,27,294,0.2005645795733259,Phase 4,0.8575792295608223
15,SDG 15: Life on Land,2023,28,198,0.1386593204775023,Phase 4,0.4221893275740736
15,SDG 15: Life on Land,2024,25,177,0.1915477672444061,Phase 4,0.2445356840961236
16,"SDG 16: Peace, Justice and Strong Institutions",1972,2,12,0.8472222222222221,Phase 3,
16,"SDG 16: Peace, Justice and Strong Institutions",1973,2,2,0.5,Phase 3,
16,"SDG 16: Peace, Justice and Strong Institutions",1974,2,16,0.8828125,Phase 3,1.0
16,"SDG 16: Peace, Justice and Strong Institutions",1975,2,3,0.5555555555555556,Phase 3,
16,"SDG 16: Peace, Justice and Strong Institutions",1976,2,26,0.9260355029585798,Phase 3,
16,"SDG 16: Peace, Justice and Strong Institutions",1977,2,8,0.625,Phase 3,
16,"SDG 16: Peace, Justice and Strong Institutions",1978,2,38,0.9487534626038783,Phase 3,0.5
16,"SDG 16: Peace, Justice and Strong Institutions",1979,2,11,0.8347107438016528,Phase 3,1.0
16,"SDG 16: Peace, Justice and Strong Institutions",1980,1,1,1.0,Phase 3,
16,"SDG 16: Peace, Justice and Strong Institutions",1981,1,26,1.0,Phase 3,1.0
16,"SDG 16: Peace, Justice and Strong Institutions",1982,2,6,0.7222222222222223,Phase 3,1.0
16,"SDG 16: Peace, Justice and Strong Institutions",1983,2,11,0.8347107438016528,Phase 3,
16,"SDG 16: Peace, Justice and Strong Institutions",1984,1,10,1.0,Phase 3,
16,"SDG 16: Peace, Justice and Strong Institutions",1985,1,9,1.0,Phase 3,
16,"SDG 16: Peace, Justice and Strong Institutions",1986,3,18,0.6296296296296297,Phase 3,1.0
16,"SDG 16: Peace, Justice and Strong Institutions",1987,0,0,,Phase 3,
16,"SDG 16: Peace, Justice and Strong Institutions",1988,3,6,0.3888888888888889,Phase 3,0.7574872169466765
16,"SDG 16: Peace, Justice and Strong Institutions",1989,3,5,0.44,Phase 3,1.0
16,"SDG 16: Peace, Justice and Strong Institutions",1990,5,33,0.726354453627181,Phase 3,0.5918367346938775
16,"SDG 16: Peace, Justice and Strong Institutions",1991,3,21,0.8231292517006804,Phase 3,0.8755555555555556
16,"SDG 16: Peace, Justice and Strong Institutions",1992,5,39,0.68310322156476,Phase 3,0.9219172525689563
16,"SDG 16: Peace, Justice and Strong Institutions",1993,3,57,0.8085564789165898,Phase 3,0.887725551347739
16,"SDG 16: Peace, Justice and Strong Institutions",1994,3,87,0.5999471528603515,Phase 4,0.3404081632653062
16,"SDG 16: Peace, Justice and Strong Institutions",1995,4,131,0.8975584173416468,Phase 4,0.8536009445100354
16,"SDG 16: Peace, Justice and Strong Institutions",1996,5,133,0.5806433376674769,Phase 4,0.9299934253780408
16,"SDG 16: Peace, Justice and Strong Institutions",1997,8,83,0.6609086950210481,Phase 4,0.4538271604938272
16,"SDG 16: Peace, Justice and Strong Institutions",1998,7,149,0.7441556686635736,Phase 4,0.463835026161896
16,"SDG 16: Peace, Justice and Strong Institutions",1999,9,222,0.7183264345426507,Phase 4,0.7156718300436151
16,"SDG 16: Peace, Justice and Strong Institutions",2000,10,180,0.5596913580246914,Phase 4,0.3223931738779897
16,"SDG 16: Peace, Justice and Strong Institutions",2001,13,264,0.5764175849403121,Phase 4,0.7258762851996463
16,"SDG 16: Peace, Justice and Strong Institutions",2002,19,276,0.3831127914303718,Phase 4,0.7630236706935981
16,"SDG 16: Peace, Justice and Strong Institutions",2003,20,248,0.3448881373569199,Phase 4,0.4088860040019523
16,"SDG 16: Peace, Justice and Strong Institutions",2004,22,292,0.3547100769375118,Phase 4,0.4860313963319459
16,"SDG 16: Peace, Justice and Strong Institutions",2005,26,320,0.31826171875,Phase 4,0.6223320938466692
16,"SDG 16: Peace, Justice and Strong Institutions",2006,27,297,0.2912968064483216,Phase 4,0.4732565528928512
16,"SDG 16: Peace, Justice and Strong Institutions",2007,24,365,0.2537586789266279,Phase 4,0.4151813147952144
16,"SDG 16: Peace, Justice and Strong Institutions",2008,32,400,0.25545,Phase 4,0.4737179860443901
16,"SDG 16: Peace, Justice and Strong Institutions",2009,34,487,0.2644316921688754,Phase 4,0.4648710626999363
16,"SDG 16: Peace, Justice and Strong Institutions",2010,38,477,0.2090151145568258,Phase 4,0.3753638776937387
16,"SDG 16: Peace, Justice and Strong Institutions",2011,40,574,0.2509864147919727,Phase 4,0.5260274356568029
16,"SDG 16: Peace, Justice and Strong Institutions",2012,41,623,0.2208518301904779,Phase 4,0.7548455571071992
16,"SDG 16: Peace, Justice and Strong Institutions",2013,42,656,0.2046772754312909,Phase 4,0.5644639198643283
16,"SDG 16: Peace, Justice and Strong Institutions",2014,54,690,0.1755933627389204,Phase 4,0.3330119449354544
16,"SDG 16: Peace, Justice and Strong Institutions",2015,51,849,0.163436232746625,Phase 4,0.319967805688347
16,"SDG 16: Peace, Justice and Strong Institutions",2016,56,867,0.1728919805930378,Phase 4,0.3790605871056242
16,"SDG 16: Peace, Justice and Strong Institutions",2017,51,871,0.1941616653990491,Phase 4,0.4753330324803614
16,"SDG 16: Peace, Justice and Strong Institutions",2018,59,919,0.1767486303535209,Phase 4,0.3679477048532611
16,"SDG 16: Peace, Justice and Strong Institutions",2019,62,1074,0.1831958358908204,Phase 4,0.2970668824569987
16,"SDG 16: Peace, Justice and Strong Institutions",2020,54,941,0.1737936782381553,Phase 4,0.3282989900872462
16,"SDG 16: Peace, Justice and Strong Institutions",2021,59,1027,0.1527738404841433,Phase 4,0.2658302328289644
16,"SDG 16: Peace, Justice and Strong Institutions",2022,58,1023,0.1645850234441664,Phase 4,0.2054937666772754
16,"SDG 16: Peace, Justice and Strong Institutions",2023,50,940,0.1658918062471707,Phase 4,0.2225796255943637
16,"SDG 16: Peace, Justice and Strong Institutions",2024,42,844,0.1595988409963837,Phase 4,0.2808481390804339
17,SDG 17: Partnerships for the Goals,1972,1,10,1.0,Phase 3,
17,SDG 17: Partnerships for the Goals,1973,0,0,,Phase 3,
17,SDG 17: Partnerships for the Goals,1974,1,2,1.0,Phase 3,
17,SDG 17: Partnerships for the Goals,1975,1,4,1.0,Phase 3,
17,SDG 17: Partnerships for the Goals,1976,1,2,1.0,Phase 3,
17,SDG 17: Partnerships for the Goals,1977,0,0,,Phase 3,
17,SDG 17: Partnerships for the Goals,1978,1,16,1.0,Phase 3,
17,SDG 17: Partnerships for the Goals,1979,1,12,1.0,Phase 3,
17,SDG 17: Partnerships for the Goals,1980,1,1,1.0,Phase 3,
17,SDG 17: Partnerships for the Goals,1981,2,6,0.7222222222222223,Phase 3,1.0
17,SDG 17: Partnerships for the Goals,1982,1,1,1.0,Phase 3,
17,SDG 17: Partnerships for the Goals,1983,1,16,1.0,Phase 3,1.0
17,SDG 17: Partnerships for the Goals,1984,1,3,1.0,Phase 3,
17,SDG 17: Partnerships for the Goals,1985,1,1,1.0,Phase 3,1.0
17,SDG 17: Partnerships for the Goals,1986,1,8,1.0,Phase 3,
17,SDG 17: Partnerships for the Goals,1987,1,2,1.0,Phase 3,1.0
17,SDG 17: Partnerships for the Goals,1988,1,3,1.0,Phase 3,1.0
17,SDG 17: Partnerships for the Goals,1989,2,9,0.8024691358024691,Phase 3,1.0
17,SDG 17: Partnerships for the Goals,1990,1,14,1.0,Phase 3,1.0
17,SDG 17: Partnerships for the Goals,1991,2,11,0.8347107438016528,Phase 3,1.0
17,SDG 17: Partnerships for the Goals,1992,2,20,0.9049999999999999,Phase 3,1.0
17,SDG 17: Partnerships for the Goals,1993,1,14,1.0,Phase 3,1.0
17,SDG 17: Partnerships for the Goals,1994,2,34,0.9429065743944636,Phase 4,
17,SDG 17: Partnerships for the Goals,1995,2,30,0.9355555555555555,Phase 4,
17,SDG 17: Partnerships for the Goals,1996,2,39,0.9500328731097962,Phase 4,0.8673469387755102
17,SDG 17: Partnerships for the Goals,1997,2,35,0.8922448979591837,Phase 4,0.5
17,SDG 17: Partnerships for the Goals,1998,4,38,0.7603878116343491,Phase 4,0.5957010022944088
17,SDG 17: Partnerships for the Goals,1999,3,42,0.9081632653061223,Phase 4,0.8491274160255207
17,SDG 17: Partnerships for the Goals,2000,5,85,0.844152249134948,Phase 4,0.5308274743104381
17,SDG 17: Partnerships for the Goals,2001,7,61,0.8145659768879335,Phase 4,0.9388427734375
17,SDG 17: Partnerships for the Goals,2002,7,81,0.7509525986892243,Phase 4,0.8563614744351961
17,SDG 17: Partnerships for the Goals,2003,13,85,0.5283044982698963,Phase 4,0.8871810103710305
17,SDG 17: Partnerships for the Goals,2004,8,73,0.589041095890411,Phase 4,0.6497765120050631
17,SDG 17: Partnerships for the Goals,2005,11,124,0.7333506763787723,Phase 4,0.9863832274088686
17,SDG 17: Partnerships for the Goals,2006,13,74,0.579620160701242,Phase 4,0.7979355934413507
17,SDG 17: Partnerships for the Goals,2007,16,94,0.4268899954730647,Phase 4,0.7427668560930695
17,SDG 17: Partnerships for the Goals,2008,13,92,0.5113421550094517,Phase 4,0.9415344691191293
17,SDG 17: Partnerships for the Goals,2009,18,97,0.5555319375066426,Phase 4,0.8809816157868106
17,SDG 17: Partnerships for the Goals,2010,23,111,0.4195276357438519,Phase 4,0.7208506428616788
17,SDG 17: Partnerships for the Goals,2011,27,146,0.418558829048602,Phase 4,0.7268050208505927
17,SDG 17: Partnerships for the Goals,2012,22,165,0.4038567493112946,Phase 4,0.78042700304407
17,SDG 17: Partnerships for the Goals,2013,30,207,0.411841583234148,Phase 4,0.912599708399372
17,SDG 17: Partnerships for the Goals,2014,28,198,0.39337822671156,Phase 4,0.7664204535281819
17,SDG 17: Partnerships for the Goals,2015,35,224,0.3888711734693878,Phase 4,0.7927772008768894
17,SDG 17: Partnerships for the Goals,2016,34,265,0.4167319330722677,Phase 4,0.6445468630278128
17,SDG 17: Partnerships for the Goals,2017,37,255,0.3895578623606306,Phase 4,0.3851280476558106
17,SDG 17: Partnerships for the Goals,2018,42,299,0.3436538741177391,Phase 4,0.5460964460062284
17,SDG 17: Partnerships for the Goals,2019,38,314,0.3598117570692522,Phase 4,0.5229675874304079
17,SDG 17: Partnerships for the Goals,2020,29,251,0.354581673306773,Phase 4,0.4129658207590308
17,SDG 17: Partnerships for the Goals,2021,33,269,0.3220381144539186,Phase 4,0.268311702184479
17,SDG 17: Partnerships for the Goals,2022,32,257,0.3330406213568715,Phase 4,0.2640721214271373
17,SDG 17: Partnerships for the Goals,2023,35,246,0.3207085729393879,Phase 4,0.3853717988879317
17,SDG 17: Partnerships for the Goals,2024,27,192,0.3114149305555555,Phase 4,0.755598903312664
